TYPE	NUMBER	KEYWORD	ORGANIC	URL	TITLE	DESCRIPTION	PAGE	FLAG_HACKED	FLAG_HARMFUL	STAT_RESULTCOUNT
result	1	statistics vs data science	organic	https://mixpanel.com/blog/2016/03/30/this-is-the-difference-between-statistics-and-data-science/	What is data science vs. statistics? - The Signal - Mixpanel	Mar 30, 2016 - Nate Silver doesn't seem to think data science is different than statistics. ... “Statistics is a branch of science. Data scientist is slightly redundant in some way and people shouldn't berate the term statistician.” For statisticians, the entire data science trend seems a bit patronizing.	1	0	0	7530000
result	2	statistics vs data science	organic	https://svds.com/machine-learning-vs-statistics/	Machine Learning vs. Statistics - Silicon Valley Data Science	Statistics. Both Statistics and Machine Learning create models from data, but for different purposes. Statisticians are heavily focused on the use of a special type of metric called a statistic. These statistics provide a form of data reduction where raw data is converted into a smaller number of statistics.	1	0	0	7530000
result	3	statistics vs data science	organic	https://priceonomics.com/whats-the-difference-between-data-science-and/	What's the Difference Between Data Science and Statistics?	Oct 13, 2015 - Data science jobs are not just more common that statistics jobs. They are also more lucrative. According to Glass Door, the national average salary for a data scientist is $118,709 compared to $75,069 for statisticians. Arguments over the differences between data science and statistics can become contentious.	1	0	0	7530000
result	4	statistics vs data science	organic	https://www.quora.com/What-is-the-difference-between-data-science-and-statistics-1	What is the difference between data science and statistics? - Quora	Mar 12, 2015 - Data science encompasses more, as explained in answer to What is data science? I will use the nomenclature from that answer in this one. Type B data science uses some statistics but it also involves significant coding skills not traditionally co...	1	0	0	7530000
result	5	statistics vs data science	organic	https://www.answerminer.com/blog/key-differences-between-data-science-and-statistics	Key Differences Between Data Science and Statistics - AnswerMiner	Jul 24, 2017 - The rise and toll of Big Data has brought along certain associated terms and jargons such as data mining, data analytics, data statistics and data sciences. Since all these jargons and terminologies revolve around a common pivot of data, they are generally perceived as synonymous with each other, with ...	1	0	0	7530000
result	6	statistics vs data science	organic	http://bigdata-madesimple.com/data-science-vs-statistics-one-in-the-same/	Data Science vs. Statistics – One in the Same? - Big Data Made Simple	I recently ran across a thought-provoking post on the USC Anneberg Innovation Lab blog – “Why Do We Need Data Science when We've Had Statistics for Centuries.” With all the debate of late surrounding the relatively new “data science” term, I've been thinking a lot about this question, so I thought I'd analyze this notion ...	1	0	0	7530000
result	7	statistics vs data science	organic	http://bulletin.imstat.org/2014/09/data-science-how-is-it-different-to-statistics%E2%80%89/	Data science: how is it different to statistics ? « IMS Bulletin	Sep 4, 2014 - I believe that statistics is a crucial part of data science, but at the same time, most statistics departments are at grave risk of becoming irrelevant. Statistics is flourishing .... If all we had to worry about was as you posit – visualization vs. modeling – I think we'd be in good shape. Instead what I see is endless ...	1	0	0	7530000
result	8	statistics vs data science	organic	https://arxiv.org/abs/1801.00371	Data Science vs. Statistics: Two Cultures?	Dec 31, 2017 - Abstract: Data science is the business of learning from data, which is traditionally the business of statistics. The term data science, however, is often viewed as a broader, task-driven and computationally-oriented version of statistics. Examining and expanding upon the views of a number of statisticians, this ...	1	0	0	7530000
result	9	statistics vs data science	organic	https://onlinestats.canr.udel.edu/ms-data-science-vs-applied-statistics/	M.S. in Data Science vs Applied Statistics: What's The Difference ...	Dec 21, 2017 - Compare differences between seeking a MS degree in Data Science and a MS degree in Applied Statistics, including curriculum, career opportunities and salary.	1	0	0	7530000
result	10	statistics vs data science	organic	https://towardsdatascience.com/statistics-review-for-data-scientists-and-management-df8f94760221	Basic Statistics Every Data Scientist Should Know – Towards Data ...	Aug 24, 2017 - Statistics For Data Science Teams And Leadership. Discrete vs. Continuous. We need to quickly lay out some definitions. In this post we will talk about discrete variables. If you have not heard the term before this references variables that are of a limited set. It actually could include numbers that are decimals ...	1	0	0	7530000
result	11	statistics vs data science	organic	https://www.datasciencecentral.com/profiles/blogs/machine-learning-vs-statistics	Machine Learning Vs. Statistics - Data Science Central	Aug 18, 2017 - This article was written by Aatash Shah. Many people have this doubt, what's the difference between statistics and machine learning? Is there something like…	1	0	0	7530000
result	12	statistics vs data science	organic	https://www.datasciencecentral.com/profiles/blogs/data-scientist-vs-statistician	Data Scientist vs Statistician - Data Science Central	Nov 18, 2015 - The key message here is that eventually, as more statisticians pick up on these new skills and more data scientists pick up on statistical science (sampling, experimental design, confidence intervals - not just the ones described in chapter 5 in our book), the frontier between data scientists and statisticians ...	1	0	0	7530000
result	13	statistics vs data science	organic	https://www.talend.com/blog/2016/12/19/the-role-of-statistics-in-business-decision-making/	Data Science vs. BI vs Statistics: What's the Difference? - Talend	Dec 19, 2016 - With big data, new roles like Data Scientists are being developed within organizations. But no matter the title of the role, be it quantitative analyst or data scientist, they all share one thing in common. Mathematical statistics and probability are at the heart of these disciplines and they are seen as critical to the ...	1	0	0	7530000
result	14	statistics vs data science	organic	https://www.analyticsvidhya.com/blog/2015/10/job-comparison-data-scientist-data-engineer-statistician/	Job Comparison - Data Scientist vs Data Engineer vs Statistician	Oct 19, 2015 - Most popular being, 'Data Scientist'. Among others include Data Engineers, Data Architects, Statisticians etc. But, how many of us are clear about the difference in these roles and designations? As I've experienced, people are confused between a Data Scientist, Data Engineer and Statistics. Some end up ...	1	0	0	7530000
result	15	statistics vs data science	organic	https://blog.rjmetrics.com/2015/09/21/5-things-you-should-know-before-getting-a-degree-in-data-science/	5 Things You Should Know Before Getting a Degree in Data Science	Sep 21, 2015 - After all, 'data science' still isn't really something you learn in school, though more and more schools are offering data science programs. A lot of the best data scientists I know come from fields that aren't the fields normally associated with data science like machine learning, statistics, and computer science.	1	0	0	7530000
result	16	statistics vs data science	organic	https://www.kdnuggets.com/2016/09/data-science-basics-data-mining-statistics.html	Data Science Basics: Data Mining vs. Statistics - KDnuggets	Curiosity, however, quickly leads you to discover that everything is above board, and sound scientific and statistical methods bear the responsibility. But this ends up leading to more questions in the short term. Machine learning. Data mining. Statistics. Data science. The concepts and terminology are overlapping and ...	1	0	0	7530000
result	17	statistics vs data science	organic	https://www.dezyre.com/article/data-mining-vs-statistics-vs-machine-learning/349	Data Mining vs. Statistics vs. Machine Learning - Dezyre	May 20, 2017 - Data science is solely based on data. If your data is good you will get good results else, you might have heard of famous data science proverb – Garbage in Garbage out. A good (rather useful I should say) data science product is like a recipe even if one ingredient is not good, final product will not amuse ...	1	0	0	7530000
result	18	statistics vs data science	organic	http://www.analyticsearches.com/wps-more-on-statistics-vs-data-science/	More on Statistics vs Data Science - WPS Analytic Searches	Jan 4, 2017 - DEC 14, 2016 6:30am ET. I met up with an old stats grad school friend the other day. When last we got together a few years ago, he went on a rant about “data science”, suggesting the term's nothing more than a pretentious new moniker for the same statistical work he's been doing for 35 years. I disagreed ...	1	0	0	7530000
result	19	statistics vs data science	organic	http://datascience.columbia.edu/data-science-vs-computer-science-vs-statistics	How Does Data Science Differ from Computer Science and from ...	Jan 23, 2018 - By JEANNETTE M. WINGJAN. 23, 2018 One of the best descriptions of data science comes from David Blei, Professor of Computer Science and Professor of Statistics at Columbia University, and Padhraic Smyth, Professor of Statistics at the University of.	1	0	0	7530000
result	20	statistics vs data science	organic	https://simplystatistics.org/2011/11/22/data-scientist-vs-statistician/	Data Scientist vs. Statistician · Simply Statistics	Nov 22, 2011 - There's in interesting discussion over at reddit on the difference between a data scientist and a statistician. My crude summary of the discussion seems to be that by and large they are the same but the phrase “data scientist” is just the hip new name for statistician that will probably sound stupid 5 years from ...	1	0	0	7530000
result	21	statistics vs data science	organic	https://www.reddit.com/r/statistics/comments/3k0jr1/statistician_vs_data_science_salary_are_very/	Statistician vs Data Science Salary are very different. Why ...	Sep 7, 2015 - Looking at glassdoor.com or just googling, Statistician salary is around 75k while Data Scientist is 120k+. Why is this? What does a Data...	1	0	0	7530000
result	22	statistics vs data science	organic	https://www.securonix.com/ch-2-data-science-statistics-vs-machine-learning/	Ch 2 - Data Science: Statistics vs. Machine Learning - Securonix	Nov 7, 2017 - Ch 2 – Data Science: Statistics vs. Machine Learning. Read the previous chapter: Ch 1 – SIEM 2.0: Why do you need security analytics. Authors: Securonix Labs. Introduction. Data science is a field that cuts across several technical disciplines including computer science, statistics, and applied mathematics.	1	0	0	7530000
result	23	statistics vs data science	organic	https://stats.stackexchange.com/questions/195034/what-is-a-data-scientist	terminology - What is a data scientist? - Cross Validated	There are a few humorous definitions which were not yet given: Data Scientist: Someone who does statistics on a Mac. I like this one, as it plays nicely on the more-hype-than-substance angle. Data Scientist: A Statistician who lives in San Francisco. Similarly, this riffs on the West Coast flavour of all this. Personally, I find the ...	1	0	0	7530000
result	24	statistics vs data science	organic	https://statistics.stanford.edu/academics/ms-statistics-data-science	M.S. in Statistics: Data Science | Department of Statistics	The increasing importance of big data in engineering and the applied sciences motivates the Department of Statistics and ICME (Institute for Computational and Mathematical Engineering) to collaboratively offer a M.S. track that trains students in data science with a computational focus. This focused M.S. track is developed ...	1	0	0	7530000
result	25	statistics vs data science	organic	https://www.newgenapps.com/blog/r-vs-python-for-data-science-big-data-artificial-intelligence-ml	R vs Python for Data Science and Statistics - The Ultimate Comparison	Oct 9, 2017 - The Ultimate Comparison - R vs Python for data science and statistical analysis. This guide will help you choose between the hottest rivals in this field.	1	0	0	7530000
result	26	statistics vs data science	organic	https://data-science-blog.com/blog/2017/09/07/confession-of-the-newcomer/	Is Data Science the new Statistics? – Data Science Blog	Sep 7, 2017 - Table of Contents. 1 Introduction. 2 Emerging of Data Science. 3 Big data technologies. 4 Two data worlds: Predictive vs inferential statistics. 5 How to study data science. 6 Conclusions. 7 References ...	1	0	0	7530000
result	27	statistics vs data science	organic	https://www.edx.org/course/statistical-thinking-data-science-columbiax-ds101x-1	Statistical Thinking for Data Science and Analytics | edX	Learn how statistics plays a central role in the data science approach.	1	0	0	7530000
result	28	statistics vs data science	organic	https://en.wikipedia.org/wiki/Data_science	Data science - Wikipedia	Data science, also known as data-driven science, is an interdisciplinary field of scientific methods, processes, algorithms and systems to extract knowledge or insights from data in various forms, either structured or unstructured, similar to data mining. Data science is a "concept to unify statistics, data analysis, machine ...	1	0	0	7530000
result	29	statistics vs data science	organic	http://blog.revolutionanalytics.com/2013/05/statistics-vs-data-science-vs-bi.html	Statistics vs Data Science vs BI (Revolutions) - Revolution Analytics	May 15, 2013 - As someone who trained as a statistician, I've always struggled with that title. I love the rigor and insight that Statistics brings to data analysis, but let's face it: Statistics — the name — has always had a bit of a branding problem. Telling someone I was a statistician was more likely to conjure up images of me ...	1	0	0	7530000
result	30	statistics vs data science	organic	https://www.uc3m.es/ss/Satellite/Postgrado/en/Detalle/Estudio_C/1371237139502/1371219633369/Master_in_Stadistics_for_Data_Science	Master in Statistics for Data Science | UC3M	This master program provides a thorough training in the statistical toolbox behind Data Science. Deep understanding of fundamental statistical methods is emphasized throughout a combination of methodological exposition, computational implementation, and application of methods. Our target is to create self-sufficient data ...	1	0	0	7530000
result	31	statistics vs data science	organic	https://www.simplilearn.com/data-mining-vs-statistics-article	Data Mining vs. Statistics - How Are They Different | Simplilearn	Sep 8, 2017 - Statistics is a component of data mining that provides the tools and analytics techniques for dealing with large amounts of data. It is the science of learning from data and includes everything from collecting and organizing to analyzing and presenting data. It is concerned with probabilistic models, specifically ...	1	0	0	7530000
result	32	statistics vs data science	organic	https://statistics.yale.edu/	Department of Statistics and Data Science: Welcome	The Department of Statistics and Data Science at Yale University consists of 15 faculty members, 3 staff, 37 graduate students, and 60 undergraduate majors. We offer M.A. and Ph.D. programs, as well as an undergraduate major in Statistics. We have active research programs in statistical information theory, statistical ...	1	0	0	7530000
result	33	statistics vs data science	organic	https://www.universiteitleiden.nl/en/education/study-programmes/master/statistical-science-for-the-life-and-behavioural-sciences/data-science-statistical-science	Data Science: Statistical Science (MSc) - Universiteit Leiden	The Data Science for Statistical Science master's specialisation at Leiden University gives you a better understanding of statistical models, especially in relation to Data Science, including their application and interpretation in a broad range of empirical research.	1	0	0	7530000
result	34	statistics vs data science	organic	https://www.rti.org/service-capability/statistics-and-data-science	Statistics and Data Science | RTI	Our statisticians and biostatisticians conduct complex statistical analyses to support research programs across the laboratory and social sciences. We work to ensure the quality, validity, and reliability of our research products and results by applying quality control and assurance procedures from sampling design through ...	1	0	0	7530000
result	35	statistics vs data science	organic	https://unitedstatisticians.com/blog/statisticians-data-scientists-opportunities/?lang=en	The Rising Opportunities for Statisticians and Data Scientists - United ...	In this article, we will talk about how the world of statistics is changing and today's opportunities for the statistician and data scientist.	1	0	0	7530000
result	36	statistics vs data science	organic	https://www.udemy.com/statistics-for-data-science-and-business-analysis/	Statistics for Data Science and Business Analysis | Udemy	Statistics you need in the office: Descriptive & Inferential statistics, Hypothesis testing, Regression analysis.	1	0	0	7530000
result	37	statistics vs data science	organic	https://www.ed.ac.uk/studying/postgraduate/degrees/index.php?r=site/view&id=916	Statistics with Data Science | The University of Edinburgh	Nov 22, 2017 - In this digital and data-rich era the demand for statistics graduates from industry, the public sector and academia is high, yet the pool of such graduates is small. The recent growth of data science has increased the awareness of the importance of statistics, with the analysis of data and interpretation of the ...	1	0	0	7530000
result	38	statistics vs data science	organic	https://www.kaggle.com/general/20860	Statistics degree or CS degree for Data Science - Kaggle: Your Home ...	Within data science, I would say that what you learn and do with a math/statistics/econometrics background versus a CS/engineering background is completely different, and you'll very likely work at very different companies. You can get great jobs with either background so it really just comes down to what exactly you want ...	1	0	0	7530000
result	39	statistics vs data science	organic	https://medium.freecodecamp.org/if-you-want-to-learn-data-science-take-a-few-of-these-statistics-classes-9bbabab098b9	If you want to learn Data Science, take a few of these statistics classes	Nov 6, 2016 - A year ago, I was a numbers geek with no coding background. After trying an online programming course, I was so inspired that I enrolled in one of the best computer science programs in Canada. Two…	1	0	0	7530000
result	40	statistics vs data science	organic	https://www.linkedin.com/pulse/data-science-statistics-vs-machine-learning-igor-baikalov-ph-d-	Data Science: Statistics vs. Machine Learning | Igor Baikalov, Ph.D ...	Jan 9, 2018 - Data science is a field that cuts across several technical disciplines including computer science, statistics, and applied mathematics. The goal of data science is to use scientific methods to extract valuable information from data. Advances in large-scale data storage and distributed computing have enabled ...	1	0	0	7530000
result	41	statistics vs data science	organic	https://www.indeed.com/q-Data-Scientist-Statistician-jobs.html	Data Scientist Statistician Jobs, Employment | Indeed.com	As a Data Scientist at Indeed your role is to follow the data. Can fish for data:. We are looking for a mixture between a statistician, scientist, machine. ... The Senior Statistician is responsible for development of statistical methodology and data analyses for pre-clinical and clinical trials.	1	0	0	7530000
result	42	statistics vs data science	organic	https://stat.utexas.edu/	Department of Statistics & Data Science	College of Natural Sciences, University of Texas at Austin.	1	0	0	7530000
result	43	statistics vs data science	organic	http://upxacademy.com/data-mining-vs-statistics/	Data Mining vs. Statistics - UpX Academy	Jul 3, 2017 - Data mining and Statistics are part of the core requirements for Data Science. Therefore, knowing the uses and differences between them is important.	1	0	0	7530000
result	44	statistics vs data science	organic	https://statistics.fas.harvard.edu/datascience-achievements	Data Science Achievements by our Faculty Members | Department of ...	Used in many application areas in engineering, science and economics; Strategies to sample in high-dimensional and highly constrained spaces; Stochastic approximation methods for estimation and inference with big data; Conceptualization of statistical efficiency vs. computational complexity tradeoffs; Inference methods ...	1	0	0	7530000
result	45	statistics vs data science	organic	https://statistics.fas.harvard.edu/datascience	Data Science | Department of Statistics - Harvard Statistics Department	The Harvard Faculty of Arts and Sciences is pleased to announce the launch of a new Master of Science (SM) degree in Data Science. The new degree, under the joint academic leadership of the Computer Science and Statistics faculties and administered through the Institute for Applied Computational Science (IACS) at ...	1	0	0	7530000
result	46	statistics vs data science	organic	https://www.clemson.edu/science/departments/mathematical-sciences/research/applied-stats.html	Applied Statistics and Data Science | Clemson University, South ...	Applied statisticians and data scientists collaborate with scientists in academia, industry, and government on the design, implementation, and analysis of research studies. This collaboration combines traditional statistical methodology and development, and well as aspects of mathematical sciences such as model ...	1	0	0	7530000
result	47	statistics vs data science	organic	https://www.class-central.com/course/edx-statistical-thinking-for-data-science-and-analytics-4913	Reviews for Statistical Thinking for Data Science and Analytics from ...	Learn how statistics plays a central role in the data science approach.	1	0	0	7530000
result	48	statistics vs data science	organic	http://www.tandfonline.com/doi/full/10.1080/10618600.2017.1384734	50 Years of Data Science: Journal of Computational and Graphical ...	Jump to Data Science “Versus” Statistics - View all notes the implicit message in these observations is that statistics is a part of what goes on in data science but not a very big part. At the same time, many of the concrete descriptions of what the DSI will actually do will seem to statisticians to be ...	1	0	0	7530000
result	49	statistics vs data science	organic	https://www.northeastern.edu/graduate/blog/data-scientist-vs-data-analyst/	Data Scientist vs. Data Analyst: 3 Things to Consider	Aug 17, 2017 - While the data scientist's job requires them to have a blend of math, statistics, and computer science, they also need to be interested in, and knowledgeable of, the business world. Data scientists should have strong presentation and communication skills, according to Robert Half Technology (RHT). They're ...	1	0	0	7530000
result	50	statistics vs data science	organic	https://ds.cs.umass.edu/academics/certificate-data-science	Certificate in Statistical and Computational Data Science | Center for ...	There are three pillars to Data Science: statistical skills, computer science and domain expertise. This certificate is offered jointly through the Statistics and Computer Science departments. The program blends topics in statistical methods, statistical computing, machine learning and algorithm development to train students to ...	1	0	0	7530000
result	51	statistics vs data science	organic	https://stat.mit.edu/academics/minor-in-statistics/	Minor in Statistics and Data Science | MIT Center for Statistics	MIT's Minor in Statistics and Data Science is available to MIT undergraduates from any major. Statistics is the science of making inferences and decisions under uncertainty; it is becoming increasingly relevant in the modern world due to the widespread availability of and access to unprecedented amounts of data and ...	1	0	0	7530000
result	52	statistics vs data science	organic	http://www.mastersindatascience.org/careers/data-scientist/	How to Become a Data Scientist | Data Scientist Salary	Data scientists are big data wranglers. They take an enormous mass of messy data points (unstructured and structured) and use their formidable skills in math, statistics and programming to clean, massage and organize them. Then they apply all their analytic powers – industry knowledge, contextual understanding, ...	1	0	0	7530000
result	53	statistics vs data science	organic	https://www.onlineeducation.com/analytics/faqs/data-analytics-vs-data-science-vs-business-intelligence-programs	Data Analytics versus Data Science versus Business Intelligence ...	Data Analytics programs are grounded in the foundational elements of analytics, including advanced mathematics and statistics, and data mining. Data Science programs delve into the more technical aspects of computer science, computer programming, and computer engineering. Business Intelligence programs are ...	1	0	0	7530000
result	54	statistics vs data science	organic	https://qz.com/1063071/the-great-r-versus-python-for-data-science-debate/	R or Python: What is the best programming language for data analysis ...	Sep 22, 2017 - Others use proprietary statistical software like SAS, Stata, or SPSS that they often first learned in school. While Excel and ... R and Python are the two most popular programming languages used by data analysts and data scientists. Both are free ... So the great R-versus-Python debate is settled. If all you're ...	1	0	0	7530000
result	55	statistics vs data science	organic	https://www.statistics.com/landing-page/data-science/data-science-quotes/	Statistics.com - Quotes about Data Science	Data Science courses and certificates offered online, taught by top experts at Statistics.com.	1	0	0	7530000
result	56	statistics vs data science	organic	https://www.datasciencegraduateprograms.com/data-science-versus-data-analytics-and-business-intelligence/	Data Science Versus Data Analytics and Business Intelligence	Supervised classification; Pattern recognition; Clustering; Statistical techniques. Data science depends on data mining. In fact, it is usually the first step of data science, as it allows data scientists to differentiate between significant findings and random noise. Data Analytics makes use of data mining techniques and tools to ...	1	0	0	7530000
result	57	statistics vs data science	organic	https://www.wallstreetoasis.com/forums/data-science-vs-computer-science	Data Science vs Computer Science? | Wall Street Oasis	Aug 12, 2017 - You learn math, statistics, accounting, etc. but only as they apply to the finance domain, and only enough for that. You'll be a jack of ... My advice is to open yourself to as wide an array of opportunities as you can, which - when comparing an econ major vs data science - means doing econ. You can minor in ...	1	0	0	7530000
result	58	statistics vs data science	organic	https://graduateschool.nd.edu/departments-and-programs/professional-masters/data-science-applied-and-computational-mathematics-and-statistics/	Data Science (Applied and Computational Mathematics and Statistics ...	Multidisciplinary master of science in data science at Notre Dame.	1	0	0	7530000
result	59	statistics vs data science	organic	https://cs.njit.edu/ms-data-science/	MS in Data Science | Computer Science	We offer a Masters in Data Science degree that covers basic and advanced essentials in statistical inference, machine learning, data visualization, data mining, and big data methods, all of which are key for a trained data scientist. In order to be selected for our program we require a basic background in calculus, linear ...	1	0	0	7530000
result	60	statistics vs data science	organic	https://www.bgsu.edu/arts-and-sciences/mathematics-and-statistics/comast1.html	Data Science - Bowling Green State University	Data Science is a new area of specialization being developed by the Department of Mathematics and Statistics at Bowling Green State University. This field integrates math, statistics, and computer science to prepare for the rapidly expanding need for data scientists. Students seeking to pursue studies in Data Science ...	1	0	0	7530000
result	61	statistics vs data science	organic	https://elitedatascience.com/learn-statistics-for-data-science	How to Learn Statistics for Data Science, The Self-Starter Way	Feb 2, 2017 - Learn statistics for data science for free, at your own pace. Master core concepts, Bayesian thinking, and statistical machine learning!	1	0	0	7530000
result	62	statistics vs data science	organic	http://scholar.google.com/citations?view_op=search_authors&hl=en&mauthors=label:data_science	Data Science - Google Scholar	Professor of Biomedical Data Sciences, and of Statistics, Stanford University. Verified email at stanford.edu. Cited by 274826. Statistics Applied Statistics Statistical learning machine learning data science · Ian T. Foster. University of Chicago and Argonne National Laboratory. Verified email at uchicago.edu. Cited by 109718.	1	0	0	7530000
result	63	statistics vs data science	organic	https://www.thisismetis.com/live-online/statistical-foundations-data-science-machine-learning	Statistical Foundations for Data Science and Machine Learning Live ...	This course will serve as introduction to basic statistical principles that are often used by data scientists and applied statisticians. Many of the concepts will be reinforced by using the statistical programming language R, one of the two most popular languages for Data Science. The intent of this course is to expose students to ...	1	0	0	7530000
result	64	statistics vs data science	organic	https://www.forbes.com/sites/metabrown/2016/07/29/4-reasons-not-to-get-that-masters-in-data-science/	4 Reasons Not To Get That Masters In Data Science - Forbes	Jul 29, 2016 - Most real live people with data science job titles don't have these new degrees. Many have degrees in math, statistics or operations research. Looking over the profiles of a few of my own contacts, I found data scientists with degrees in business, economics, social policy, political science, philosophy and ...	1	0	0	7530000
result	65	statistics vs data science	organic	https://www.infoworld.com/article/3187550/data-science/python-vs-r-the-battle-for-data-scientist-mind-share.html	Python vs. R: The battle for data scientist mind share | InfoWorld	Apr 6, 2017 - Python vs. R: The battle for data scientist mind share. Here's how the general-purpose favorite of scientists stacks up against the stat head's .... Statistical analysis? Look no further. Choose the right tool for the job. A wrench can do the job of a hammer, but a hammer was built to do a hammer's job.	1	0	0	7530000
result	66	statistics vs data science	organic	http://www.stat.uci.edu/slider/b-s-in-data-science/	BS in Data Science - Department of Statistics - UCI	UC Irvine's bachelor of science (B.S.) degree in Data Science has a dual emphasis on the principles of both statistics and computer science.	1	0	0	7530000
result	67	statistics vs data science	organic	https://statistics.calpoly.edu/data-science-minor	Cross Disciplinary Studies Minor in Data Science - Statistics ...	Through an inter‐college collaboration, the Computer Science and Statistics departments offer a cross‐disciplinary minor in Data Science — a rapidly evolving discipline that uses elements of statistics and computer science to gather, organize, summarize, and communicate information from a variety of data sources and ...	1	0	0	7530000
result	68	statistics vs data science	organic	https://analyticsindiamag.com/business-intelligence-different-data-science/	BI vs Data Science: Understanding the differences	Aug 10, 2017 - While big data vs analytics or artificial intelligence vs machine learning vs cognitive intelligence have been used interchangeably many times, BI vs Data ... Data science could very conveniently be stated as an evolution of BI, but on a very complex set of models, application of statistics and use cases.	1	0	0	7530000
result	69	statistics vs data science	organic	https://www.wintellect.com/beginning-statistics-for-data-science-types-of-data/	Beginning Statistics for Data Science: Types of Data - Wintellect	Jan 17, 2018 - Look at any data scientist job posting, and you will be hard-pressed to find a listing that does not mention a degree in statistics, mathematics, or some ... Collecting Data. Regarding big data, you typically have the four Vs – volume, veracity, velocity, and variety. Another V exists that is important for your data ...	1	0	0	7530000
result	70	statistics vs data science	organic	https://www.stat.fsu.edu/graduate-program/master-science-degree	Master of Science Degree | Department of Statistics	Master of Science Degree. The Department of Statistics at FSU offers two MS degrees in Statistics: an MS in Statistics (36 Required Credit Hours) and an MS in Statistics with major in Statistical Data Science (32 Required credit hours). The department also offers an MS degree in Biostatistics (36 Required Credit Hours).	1	0	0	7530000
result	71	statistics vs data science	organic	https://dataservices.gmu.edu/resources/data-science	Data Science | Data Services @ DiSC | George Mason University	McKinsey's public report, published in May 2011 but its content is still relevant; A thorough report on big data & data science techniques, technologies, applications, and market forecast. Compare data science with other related terms. Distinguishing Analytics, Business Intelligence, Data Science · Data Science vs. Statistics ...	1	0	0	7530000
result	72	statistics vs data science	organic	http://www.ucl.ac.uk/prospective-students/graduate/taught/degrees/data-science-msc	Data Science MSc | UCL London's Global University	Feb 5, 2018 - Data science brings together computational and statistical skills for data-driven problem solving, which is in increasing demand in fields such as marketing, pharmaceutics, finance and management. This MSc will equip students with the analytical tools.	1	0	0	7530000
result	73	statistics vs data science	organic	https://acms.washington.edu/content/data-sciences-and-statistics	Data Sciences and Statistics | Applied and Computational Math ...	Description The ACMS Data Sciences and Statistics option is designed with strong Statistics and Modeling components. The track incorporates coursework in Computation, Statistics and Machine Learning, Databases and Data Visualization, as well as topics related to science and society. This option is unique in its double ...	1	0	0	7530000
result	74	statistics vs data science	organic	http://shop.oreilly.com/product/0636920048992.do	Practical Statistics for Data Scientists - O'Reilly Media	Statistical methods are a key part of of data science, yet very few data scientists have any formal statistics training. Courses and books on basic statistics rarely cover the topic from a data scien...	1	0	0	7530000
result	75	statistics vs data science	organic	http://www.cam.cornell.edu/research/statistics-data-science.cfm	Statistics and Data Science - Center for Applied Mathematics - Cornell ...	Statistics is the science of data. Estimation facilitates learning from data. Quantifying, controlling and describing uncertainty provides a basis for inference, modeling and decision making that is central to all theoretical and applied sciences. Quantitative analysis and statistical reasoning have become ubiquitous, and the ...	1	0	0	7530000
result	76	statistics vs data science	organic	https://www.cmu.edu/career/documents/industry-guides/data-science-tip-sheet.pdf	Data Science/Data Analytics—Some Career Tips and Advice	of data. Some Definitions. Professionals in Data Science and Data Analytics work with huge datasets (Big Data) that are generally too large for analysis by using conventional statistical methods and analytical tools. Examples of these large datasets include online reviews of products and services, health records, etc.	1	0	0	7530000
result	77	statistics vs data science	organic	http://datasciencemasters.org/	The Open Source Data Science Masters by datasciencemasters	This is an introduction geared toward those with at least a minimum understanding of programming, and (perhaps obviously) an interest in the components of Data Science (like statistics and distributed computing). Out of personal preference and need for focus, I geared the original curriculum toward Python tools and ...	1	0	0	7530000
result	78	statistics vs data science	organic	https://www.cs.purdue.edu/undergraduate/curriculum/data-science.html	Purdue University - Department of Computer Science - Data Science	Aug 28, 2017 - Data Science Major. Majoring in data science at Purdue will place you at the forefront of an emerging field and prepare you for an exciting career at the intersection of computer science and statistics. Created jointly by Purdue's Department of Computer Science and Department of Statistics, the data science ...	1	0	0	7530000
result	79	statistics vs data science	organic	https://research.fb.com/category/data-science/	Data Science – Facebook Research	Research efforts span a variety of disciplines, including computational social science, econometrics, operations research, market intelligence, survey science, and statistical computing. We employ a mixture of methods to accomplish our goals, including machine learning, field experiments, surveys, and information ...	1	0	0	7530000
result	80	statistics vs data science	organic	http://onlinelibrary.wiley.com/journal/10.1002/(ISSN)1932-1872	Statistical Analysis and Data Mining: The ASA Data Science Journal ...	Statistical Analysis and Data Mining. OnlineOpen – The Open Access Option for Authors. OnlineOpen is available to authors who wish to make their article open access, free to read, download and share via Wiley Online Library and PubMed Central. Read this recent OnlineOpen article. Yours can be too. Learn more about ...	1	0	0	7530000
result	81	statistics vs data science	organic	http://libguides.lib.msu.edu/datastats	Data vs. Statistics - How to Find Data & Statistics - LibGuides at ...	Jun 19, 2017 - In regular conversation, both words are often used interchangeably. In the world of libraries, academia and research there is an important distinction between data and statistics. Data is the raw information from which statistics are created. Put in the reverse, statistics provide an interpretation and summary of ...	1	0	0	7530000
result	82	statistics vs data science	organic	http://varianceexplained.org/r/ds-ml-ai/	What's the difference between data science, machine learning, and ...	Jan 9, 2018 - Again, not everything that produces insights qualifies as data science (the classic definition of data science is that it involves a combination of statistics, software engineering, and domain expertise). But we can use this definition to distinguish it from ML and AI. The main distinction is that in data science ...	1	0	0	7530000
result	83	statistics vs data science	organic	http://msds-stat.rutgers.edu/about-the-program/msds-diff	Stats vs CS Track - Rutgers MS in Data Science - MSDS Statistics Track	The School of Arts and Sciences, Rutgers, The State University of New Jersey.	1	0	0	7530000
result	84	statistics vs data science	organic	https://www.udacity.com/course/intro-to-data-science--ud359	Data Science Course | Udacity	About this Course. The Introduction to Data Science class will survey the foundational topics in data science, namely: Data Manipulation; Data Analysis with Statistics and Machine Learning; Data Communication with Information Visualization; Data at Scale -- Working with Big Data. The class will focus on breadth and ...	1	0	0	7530000
result	85	statistics vs data science	organic	https://www.amazon.com/Practical-Statistics-Data-Scientists-Essential/dp/1491952962	Amazon.com: Practical Statistics for Data Scientists: 50 Essential ...	Statistical methods are a key part of of data science, yet very few data scientists have any formal statistics training. Courses and books on basic statistics rarely cover the topic from a data science perspective. This practical guide explains how to apply various statistical methods to data science, tells you how to avoid their ...	1	0	0	7530000
result	86	statistics vs data science	organic	https://solutionsreview.com/business-intelligence/data-science-vs-data-analytics-whats-the-difference/	Data Science vs. Data Analytics; What's the Difference?	Dec 13, 2017 - In this way, organizations use mathematics, statistics, predictive analytics, and artificial intelligence (including machine learning) to dig into cumbersome data sets in order to reveal trends. Data science is a product of big data through and through, and can be seen as a direct result of increasingly complex ...	1	0	0	7530000
result	87	statistics vs data science	organic	https://ubc-mds.github.io/resources_pages/terminology/	Data science terminology - UBC MDS	This represents a divide in the field of statistics and is related to, but not the same as, discriminative vs. generative above. The Bayesian approach involves generative models and following Bayes' Theorem. In this paradigm, one uses a generative model and attempts to compute a posterior distribution of the quantities of ...	1	0	0	7530000
result	88	statistics vs data science	organic	http://www.learndatasci.com/best-data-science-online-courses/	Top Data Science Online Courses in 2017 – LearnDataSci	Learn Data Science from top online course providers, such as Coursera, edX, Udacity, Udemy, as well as pure data sci platforms, like Dataquest and DataCamp. ... regex; Probability & Statistics – Random variables and Distributions, Regression, Hypothesis testing; Exploratory Data Analysis – EDA vs Classical Bayesian, ...	1	0	0	7530000
result	89	statistics vs data science	organic	https://uwaterloo.ca/data-science/graduate-programs/mmath-statistics-data-science-specialization	MMath Statistics - Data Science Specialization - University of Waterloo	Admission Requirements Applicants to the Data Science specialization in Statistics should satisfy the admission requirements of the Master of Mathematics in Statistics degree programs: • Honours bachelor degree in Statistics, Mathematics, or related degree with a minimum overall B+ (78%) average from a recognized ...	1	0	0	7530000
result	90	statistics vs data science	organic	https://www.statsjobs.com/	Statistics Jobs, Data Science & Data Analyst Jobs on StatsJobs	StatsJobs - The pre-eminent statistics jobsite featuring UK specific statistician jobs as well as stats career opportunities worldwide.	1	0	0	7530000
result	91	statistics vs data science	organic	https://lsa.umich.edu/stats/undergraduate-students/undergraduate-programs/majordatascience	Major in Data Science | U-M LSA Department of Statistics	Data Science is a rapidly growing field providing students with exciting career paths, and opportunities for advanced study. The Data Science major gives students a foundation in those aspects of computer science, statistics, and mathematics that are relevant for analyzing and manipulating voluminous and/or complex data.	1	0	0	7530000
result	92	statistics vs data science	organic	https://www.stat.wisc.edu/ms-degree-data-science-option-ms-ds	MS Degree - Data Science Option (MS-DS) | Department of Statistics	What is data science? Data science is the study of extracting knowledge from data. Our MS-DS combines a background in statistical theory, methods and practice related to data science with communication skills to train a new generation of leaders who will use data effectively for planning and decision making. Data science ...	1	0	0	7530000
result	93	statistics vs data science	organic	https://www.ngdata.com/top-data-science-resources/	Top 50 Data Science Resources: The Best Blogs, Forums, Videos and ...	Jan 12, 2018 - Steve Miller blogs at Information Management, covering data science, predictive analytics, statistical learning, and the impacts of data science on ... Conflicting views: Public versus scientists. 17. .... Three key topics we like from Statistical Computing – R and Tableau: Data Science at the Speed of Thought:.	1	0	0	7530000
result	94	statistics vs data science	organic	https://www.import.io/post/data-scientists-vs-data-analysts-why-the-distinction-matters/	Data scientists vs data analysts: Why the distinction matters - Import.io	As a relatively new – but already highly sought after – position, it can be hard to know where Data Analytics ends and Data Science begins. Is it science? Statistics? Programming? Analytics? Black magic? Or some strange and wonderful combination? Luckily for us, Thomson Nguyen is here to help. In this quick 10 minute ...	1	0	0	7530000
result	95	statistics vs data science	organic	http://news.ycombinator.com/item?id=15374538	AI vs. Data Science vs. Data Engineering | Hacker News	To all the jokes of "data science is just statistics done by engineers" and other such things, read Breiman's "Statistical Modeling: The Two Cultures." [2] It talks about how the field of statistics largely ignored "algorithmic modeling" techniques, and therefore historically those techniques have been developed outside of ...	1	0	0	7530000
result	96	statistics vs data science	organic	http://searchbusinessanalytics.techtarget.com/definition/Data-scientist	What is data scientist? - Definition from WhatIs.com	This definition explains what a data scientist is, including essential job skills, education requirements and responsibilities. ... The education requirements for data scientists typically include a bachelor's degree in statistics, data science, computer science or mathematics. Hard skills required ... Data scientist vs. data analyst.	1	0	0	7530000
result	97	statistics vs data science	organic	https://www.coursera.org/learn/statistical-genomics	Statistics for Genomic Data Science | Coursera	Statistics for Genomic Data Science from Johns Hopkins University. An introduction to the statistics behind the most popular genomic data science projects. This is the sixth course in the Genomic Big Data Science Specialization from Johns Hopkins ...	1	0	0	7530000
result	98	statistics vs data science	organic	https://www.elderresearch.com/company/blog/what-is-bias-in-analytics	Statistical & Cognitive Biases in Data Science: What is Bias?	Oct 6, 2017 - In this blog Elder Research Data Scientist Will Goodrum explores common types of bias that can beset analytics projects, why bias occurs, and why it matters.	1	0	0	7530000
result	99	statistics vs data science	organic	https://www.nec.edu/academics/graduate-programs/data-analytics-business-statistics/	Master of Science in Data Analytics and Business Statistics | On ...	Part business management and part data science, Data Analytics and Business Statistics is the key to developing methods that unlock the predictive potential of data. .... It focuses on the integration of scalable, reliable platforms, utilizing such fundamental concepts as: private vs. public clouds, migration, virtualization, ...	1	0	0	7530000
result	100	statistics vs data science	organic	http://www.luther.edu/computer-science/data-science-major/	Data Science Major and Minor | Computer Science | Luther College	Dec 21, 2017 - Data science is the study of how we extract meaning from data, and in a data driven world, this is an exciting time to seek a degree in this field. Data science is unique in that it combines techniques and theories from many fields including mathematics, computer science, probability and statistics, machine ...	1	0	0	7530000
result	101	statistics vs data science	organic	https://www.uhd.edu/academics/sciences/mathematics-statistics/Pages/MS-BS-DataScience.aspx	Bachelor of Science in Data Science | University of Houston-Downtown	Jul 28, 2017 - Why should you consider pursuing a major in Data Science at UHD? According to the National Science Foundation, Data Science is a newly emerging discipline -- built on a foundation of mathematics, statistics and computer programming -- that promises to profoundly transform all fields of Science and ...	2	0	0	168
result	102	statistics vs data science	organic	https://gss.civilservice.gov.uk/careers/joining-us/data-scientist/	Data Scientist - Government Statistical Service	Latest news. The next Data Scientist recruitment (EO, HEO, SEO) is now open. Applications can be submitted via Civil Service Jobs. Closing date 20 August 2017. If you want to work at the heart of government and play an integral role delivering insight from data using statistical and data science techniques, this is the role ...	2	0	0	168
result	103	statistics vs data science	organic	https://wmich.edu/cs/academics/undergraduate/bs-data-science	Bachelor of Science: Data Science | Computer Science | Western ...	The Departments of Statistics and Computer Science announce the creation of a B.S. degree in Data Science beginning Fall 2015. Data Science is a rapidly evolving discipline and sits at the intersection of Statistics and Computer Science. This evolution has been driven by the exponential increase in processing power ...	2	0	0	168
result	104	statistics vs data science	organic	https://data.berkeley.edu/probability-and-mathematical-statistics-data-science	Probability and Mathematical Statistics in Data Science | Division of ...	Course number: STAT 88. Instructor: Shobhana Murali Stoyanov. Time: M 2-4. Room: 10 Evans. This course is an example of a “technical depth” connector, rather than an “application” connector. It takes the concepts that are revealed through working with data in the main course and develops the statistical or probabilistic ...	2	0	0	168
result	105	statistics vs data science	organic	https://www.huffingtonpost.com/entry/the-6-best-data-science-masters-degree-courses-in_us_59f1ad27e4b09812b938c6e1	The 6 Best Data Science Master's Degree Courses In The US | HuffPost	Oct 26, 2017 - So those already in a career but looking for a sideways-step onto a potentially more interesting or rewarding track might consider data science and analytics a very tempting option. Despite the rise of the “citizen data scientist” – those who can show themselves capable of using data and statistics to drive ...	2	0	0	168
result	106	statistics vs data science	organic	https://www.r-statistics.com/2016/01/50-years-of-data-science-by-david-donoho/	50 years of Data Science – by David Donoho | R-statistics blog	Jan 5, 2016 - You can download the full paper from here. The paper got quite the attention on Hacker News, Data Science Central, Simply Stats, Xi'an's blog, srown ion medium, and probably others. Share your. ... Contents. 1 Today's Data Science Moment. 2 Data Science 'versus' Statistics. 2.1 The 'Big Data' Meme.	2	0	0	168
result	107	statistics vs data science	organic	https://www.digitalvidya.com/blog/data-science-statistics/	What Statistics Should I Know to Do Data Science? - Digital Vidya	May 1, 2017 - Data Scientists extract unstructured and structured data and process it through analytics into the proper format. For being a Data Scientist one needs to have proper thinking and analytical skills or else you'll fail to become a data scientist. Data Science is a conceptual interpretation to unite statistics and ...	2	0	0	168
result	108	statistics vs data science	organic	https://www.democratandchronicle.com/story/money/2017/06/23/data-science-western-ny-colleges-big-data/397015001/	Hottest jobs are in data science - Democrat and Chronicle	Jun 23, 2017 - Many colleges and universities across New York state are producing qualified candidates from their statistics or computer science programs. Some have even launched standalone programs that focus specifically on data science. But they're struggling to meet the explosive demand in the job market.	2	0	0	168
result	109	statistics vs data science	organic	https://www.brunel.ac.uk/study/postgraduate/Statistics-with-Data-Analytics-MSc	Statistics with Data Analytics MSc | Brunel University London	Graduates will be able to find employment in the data science/financial/health sectors, like big data processing companies (Accenture, Oracle Corporation) the financial sector (JP Morgan), pharmaceuticals (GSK), government agencies (the Office of National Statistics) and data science departments within universities.	2	0	0	168
result	110	statistics vs data science	organic	https://www.dataspace.com/big-data-strategy/so-what-is-the-difference-between-a-programmer-and-a-data-scientist/	So, what is the difference between a programmer and a data scientist ...	May 31, 2017 - Data scientists specialize in finding methods for solving business problems that require statistical analysis. They take the data that is created by the organization's systems and create actionable insights and recommendations for the purposes of optimization in forms like risk mitigation and demand analysis.	2	0	0	168
result	111	statistics vs data science	organic	https://www.datacamp.com/community/tutorials/r-or-python-for-data-analysis	Choosing R or Python for data analysis? An infographic (article ...	May 12, 2015 - In today's post, I present to you our new Infographic "Data Science Wars: R vs Python", that highlights in great detail the differences betweens these two languages from a data science point of view. So that next time you are debating R vs Python for machine learning, statistics, or maybe even the Internet of ...	2	0	0	168
result	112	statistics vs data science	organic	http://r4stats.com/2017/03/13/jobs-for-data-science-up-7-fold-for-statistician-down-by-half/	Job trends for Data Scientist and Statistician | r4stats.com	Mar 13, 2017 - The Bureau of Labor Statistics projects that jobs for statisticians will grow by 34% between 2014 and 2024. However, according to the nation's largest job web site, the number of companies looking for “statisticians” is actually in sharp decline. Those jobs are likely being replaced by postings for “data ...	2	0	0	168
result	113	statistics vs data science	organic	https://www.r-bloggers.com/statistics-vs-data-science-vs-bi/	Statistics vs Data Science vs BI | R-bloggers	May 15, 2013 - As someone who trained as a statistician, I've always struggled with that title. I love the rigor and insight that Statistics brings to data analysis, but let's.	2	0	0	168
result	114	statistics vs data science	organic	https://www.innoarchitech.com/what-is-data-science-does-data-scientist-do/	What Is Data Science, and What Does a Data Scientist Do?	Mar 7, 2017 - Business domain; Statistics and probability; Computer science and software programming; Written and verbal communication. There are other skills and expertise that are highly desirable as well, but these are the primary four in my opinion. These will be referred to as the data scientist pillars for the rest of ...	2	0	0	168
result	115	statistics vs data science	organic	http://andrewgelman.com/2013/11/14/statistics-least-important-part-data-science/	Statistics is the least important part of data science - Statistical ...	Nov 14, 2013 - I agree with the idea that a majority of the work with data is both scientific and not focused on statistics. The BuzzWord “Data Science”, however, I think, .... And this isn't just a “pure” vs “applied” question that would occupy a Bell Labs researcher for years. Another statistical knee-slapper is the frequently ...	2	0	0	168
result	116	statistics vs data science	organic	http://www.win-vector.com/blog/2013/04/data-science-machine-learning-and-statistics-what-is-in-a-name/	Data Science, Machine Learning, and Statistics: what is in a name ...	Apr 19, 2013 - Rob Tibshirani nailed this type of distinction in is famous machine learning versus statistics glossary. I've written about statistics v.s. machine learning , but I would like to explain why we (the authors of this blog) often use the term data science. Nina Zumel explained being a data scientist very well, I am ...	2	0	0	168
result	117	statistics vs data science	organic	https://www.educba.com/data-mining-vs-statistics/	Data Mining Vs Statistics - Which One Is Better - eduCBA	11 hours ago - Key Differences between Data Mining vs Statistics. Data mining is the beginning of data science and it covers the entire process of data analysis whereas statistics is the base and core partition of data mining algorithm. Data Mining is an exploratory analysis process in which we explore and gather the data ...	2	0	0	168
result	118	statistics vs data science	organic	https://www.dataplusscience.com/DataScientist.html	What is a data scientist? - Data + Science	Oct 30, 2014 - "A data scientist is someone who is better at statistics than any software engineer and better at software engineering than any statistician." .... Now let's cross reference these with the skills for a financial analyst vs. a data analyst vs. a BI professional vs. a statistician vs. my data science team at my company ...	2	0	0	168
result	119	statistics vs data science	organic	https://www.slideshare.net/kuonen/a-statisticians-view-on-big-data-and-data-science	A Statistician's View on Big Data and Data Science (Version 1)	Nov 25, 2013 - Presentation given by Dr. Diego Kuonen, CStat PStat CSci, on November 20, 2013, at the "IBM Developer Days 2013" in Zurich, Switzerland. ABSTRACT There is no q…	2	0	0	168
result	120	statistics vs data science	organic	https://twitter.com/bigdataborat/status/372350993255518208?lang=en	Big Data Borat on Twitter: "Data Science is statistics on a Mac."	2. End of conversation. Humberto (totó)   @totopampin 27 Aug 2013. More. Copy link to Tweet; Embed Tweet. Replying to @BigDataBorat. “@BigDataBorat: Data Science is statistics on a Mac.” for my mac colleagues @phelo @sandrewge @khmcnally @johnhenryhannon @sbourke :) 0 replies 1 retweet 3 likes. Reply.	2	0	0	168
result	121	statistics vs data science	organic	https://tdhopper.com/blog/how-i-became-a-data-scientist/	How I Became a Data Scientist Despite Having Been a Math Major ...	May 11, 2015 - While the "data science" demarcation problem is challenging (and I will not seek to solve it here), it seems evident that my curriculum lacked preparation in many essential areas of data science. Chief among these are programming skill, knowledge of experimental statistics, and experience with math ...	2	0	0	168
result	122	statistics vs data science	organic	https://online.ndm.edu/news/analytics/data-analyst-vs-data-scientist/	Data Analyst vs. Data Scientist | NDMU Online	Feb 3, 2017 - Data Analyst vs. Data Scientist: Salary and Career Potential. The Bureau of Labor Statistics does not collect salary data and make employment outlook projections for data analysts and data scientists. These professionals are classified as operations research analysts or statisticians. Both positions earn a ...	2	0	0	168
result	123	statistics vs data science	organic	https://normaldeviate.wordpress.com/2013/04/13/data-science-the-end-of-statistics/comment-page-1/	Data Science: The End of Statistics? « Normal Deviate	Apr 13, 2013 - The very fact that people can talk about data science without even realizing there is a field already devoted to the analysis of data — a field called statistics — is alarming. I like what Karl Broman says: When physicists do mathematics, they don't say they're doing “number science”. They're doing math.	2	0	0	168
result	124	statistics vs data science	organic	https://www.springboard.com/blog/data-science-interview-questions/	109 Commonly Asked Data Science Interview Questions - Springboard	Oct 26, 2016 - This guide contains all of the types of data science interview questions an interviewee should expect when interviewing for a position as a data ... Be prepared to answer some fundamental statistics questions as part of your data science interview. ... What is the difference between Type I vs Type II error?	2	0	0	168
result	125	statistics vs data science	organic	https://cognitiveclass.ai/blog/data-scientist-vs-data-engineer/	Data Scientist vs Data Engineer, What's the difference? - Cognitive Class	Jun 6, 2016 - A data scientist is the alchemist of the 21st century: someone who can turn raw data into purified insights. Data scientists apply statistics, machine learning and analytic approaches to solve critical business problems. Their primary function is to help organizations turn their volumes of big data into valuable ...	2	0	0	168
result	126	statistics vs data science	organic	https://www.youtube.com/watch?v=qq8fjwqPWmY	Statistical Thinking for Data Science and Analytics | ColumbiaX on ...	Learn how statistics plays a central role in the data science approach. ↓ More info below. ↓ Take this course ...	2	0	0	168
result	127	statistics vs data science	organic	https://www.actuaries.org.uk/documents/b1-actuary-vs-data-scientist-vs-statistician	Actuary vs Data Scientist	Nov 10, 2015 - Actuary vs Data Scientist. Richard Pugh. Chief Data Scientist, Mango Solutions. President @ R ... 10/11/2015. 6. Data Science is. Statistics on a Mac. 10 November 2015. 11. A Data Scientist is a device for turning coffee and data into better decisions. Corey Chivers, Penn Medicine. 10 November 2015. 12 ...	2	0	0	168
result	128	statistics vs data science	organic	https://warwick.ac.uk/fac/sci/dcs/admissions/undergraduate/ds/	BSc Data Science - University of Warwick	Oct 12, 2016 - Our Data Science degree, the first undergraduate degree of its kind in the UK, is taught jointly by the Departments of Computer Science and Statistics. This flexible course enables talented mathematicians to pursue the sophisticated theory of modern application domains requiring large-scale data analysis.	2	0	0	168
result	129	statistics vs data science	organic	https://www.burtchworks.com/2015/03/02/4-ways-to-spot-a-fake-data-scientist/	4 Ways to Spot a Fake Data Scientist - Burtch Works	Mar 2, 2015 - In our data science salary report we found that 88% of data scientists have at least a Master's degree, and 48% have a Ph.D. The areas of study may vary, but the vast majority are very rigorous quantitative, technical, or scientific programs, including Math, Statistics, Computer Science, Engineering, ...	2	0	0	168
result	130	statistics vs data science	organic	http://civilstat.com/2015/07/one-more-difference-between-statistics-and-machine-learning-data-science-etc/	One more difference between statistics and [machine learning, data ...	Jul 25, 2015 - Statisticians have always done a myriad of different things related to data collection and analysis. Many of us are surprised (even frustrated) that Data Science is even a thing. “That's just statistics under a new name!” we cry. Others are trying to bring Data Science, Machine Learning, Data Mining, etc. into ...	2	0	0	168
result	131	statistics vs data science	organic	https://kbroman.wordpress.com/2013/04/05/data-science-is-statistics/	Data science is statistics | The stupidest thing...	Apr 5, 2013 - You can call it data science or informatics or analytics or whatever, but it's still statistics. ... Frankly, I think a more apt analogy is Health Science vs. ... this vague definition is that experts have variously claimed data science to be Statistics 2.0 [8, 11], Computer Science 2.0 [12] and Business Analytics 2.0 [8].	2	0	0	168
result	132	statistics vs data science	organic	https://www.informationweek.com/big-data/big-data-analytics/data-science-doesnt-belong-in-business-schools/d/d-id/1005825?	Data Science Doesn't Belong In Business Schools - InformationWeek	Nov 15, 2013 - I like Vincent Granville's recent post regarding "vertical" data scientists, which he refers to as "fake," versus "horizontal" data scientists. According to Granville, "Vertical ... Data science is a combination of mathematics, statistics, computer programming, and some area of application. Let the business school ...	2	0	0	168
result	133	statistics vs data science	organic	https://www.cmswire.com/analytics/data-scientists-vs-bi-analysts-whats-the-difference/	Data Scientists vs. BI Analysts: What's the Difference? - CMSWire	Sep 28, 2016 - Data scientists, on the other hand, have a toolkit of algorithms that they use to understand and predict a business's performance. Understanding that performance requires a more technical skillset based in statistics, machine learning and programming. In addition to languages like SQL, a data scientist is ...	2	0	0	168
result	134	statistics vs data science	organic	http://blog.irvingwb.com/blog/2014/04/why-do-we-need-data-science-when-weve-had-statistics-for-centuries.html	Why Do We Need Data Science when We've Had Statistics for ...	Apr 30, 2014 - Data Science is emerging as as one of the hottest new professions and academic disciplines in these early years of the 21st century. A number of articles have noted that the demand for data scientists is racing ahead of supply....	2	0	0	168
result	135	statistics vs data science	organic	https://brenocon.com/blog/2008/12/statistics-vs-machine-learning-fight/	Statistics vs. Machine Learning, fight! | AI and Social Science ...	Dec 3, 2008 - I know that I'm interested in quantitative information science, including statistics and data analysis. Machine learning has many strengths, but it is definitely an odd way to go about analysis. But there's a good case that statistics, as traditionally defined, is only going to have a smaller role in the future. “Data ...	2	0	0	168
result	136	statistics vs data science	organic	https://www.statslife.org.uk/features/2263-event-report-data-science-and-statistics-different-worlds	Event report – Data science and statistics: different worlds? | StatsLife	May 19, 2015 - The rise of data science and the progress of computer technology has inevitably forced statisticians to reflect on how they interact with these new fields of endeavour. But this relationship remains in a state of flux as both disciplines attempt to discover how they can complement each other. The RSS has ...	2	0	0	168
result	137	statistics vs data science	organic	http://insightdataengineering.com/blog/Data_Science_vs_Data_Engineering.html	Data Science vs Data Engineering – Insight Data	Aug 7, 2014 - After finding interesting questions, the data scientist must be able to answer them! Finding these answers may require a knowledge of statistics, machine learning, and data mining tools. If data mining tools are unavailable, then the data scientist might be better prepared by having the skills to learn these ...	2	0	0	168
result	138	statistics vs data science	organic	http://usblogs.pwc.com/emerging-technology/the-5-dimensions-of-the-so-called-data-scientist/	The 5 Dimensions of the So-Called Data Scientist - PwC blogs	Mar 5, 2014 - What is “data science”? Is it really a new emerging discipline as some claim it to be; or is it the emperor in new clothes – data mining, statistics, business intelligence or analytics re-branded? Moreover, is it possible that one person can fulfil the role of a data scientist? Rather than answering this question ...	2	0	0	168
result	139	statistics vs data science	organic	http://www.skampakis.com/statistics-vs-machine-learning-two-worlds/	Statistics vs Machine Learning: The two worlds - The Data Scientist	Dec 5, 2015 - Machine learning and statistics are the two core disciplines for data analysis. Both fields provide the scientific background for data science and data scientists will usually have trained in one of the two. However, much has been said about the differences between the two disciplines, while there are ...	2	0	0	168
result	140	statistics vs data science	organic	http://www.bradfordcross.com/blog/2016/3/13/machine-learning-vs-quants-the-advantages-of-machine-learning-in-finance-1	Machine Learning vs. Quants: The Advantages of Machine Learning in ...	Mar 13, 2016 - Machine learning folks combine statistics and computation in one brain to build models that leverage new levels of scale and richness to generalize better to ... While 'quant' and 'machine learning' are clearly defined terms at this point, 'data science' is a place to be careful, as the definition is still in flux.	2	0	0	168
result	141	statistics vs data science	organic	https://blogs.sas.com/content/datamanagement/2014/03/27/the-difference-between-traditional-statisticians-and-data-scientists/	The difference between traditional statisticians and data scientists ...	Mar 27, 2014 - Blogs. Navigate. Business. Analytics · Artificial Intelligence · Customer Intelligence · Data for Good · Data Management · Data Visualization · Fraud & Security Intelligence · Internet of Things · Machine Learning · Risk Management · SAS Events · Students & Educators · Work & Life at SAS · Browse All Topics.	2	0	0	168
result	142	statistics vs data science	organic	https://theblog.adobe.com/defining-machine-learning-predictive-analytics-data-science-without-mumbo-jumbo/	Defining Machine Learning, Predictive Analytics, and Data Science ...	Mar 16, 2016 - That is why we want to level set and explain the difference between data science, machine learning, and predictive analytics in terms that anyone can ... At its core, predictive analytics uses statistics to either estimate what behavior a customer is likely to exhibit or to forecast future outcomes of the business.	2	0	0	168
result	143	statistics vs data science	organic	https://lifehacker.com/the-skills-youll-need-and-the-salary-you-can-expect-as-1773345676	The Skills You'll Need and the Salary You Can Expect as a Data ...	Apr 28, 2016 - Data science is a growing career field that pays well. If you are interested in programming, math, and/or statistics, this career could be perfect for you. There are, however, three different data science roles for you to consider.	2	0	0	168
result	144	statistics vs data science	organic	https://www.quantnet.com/threads/ms-in-data-science-the-next-mfe.9672/	"MS in Data Science" the next MFE? | QuantNet Community	May 24, 2012 - I don't think it will really happen since data science is more of a re-brand of statistics than a new field. An MS in Stats pretty much is an MS in Data Science (although I could be revealing my ignorance with this statement!). An FE degree made sense because there was a need to distinguish between really ...	2	0	0	168
result	145	statistics vs data science	organic	http://datascience.la/statistics-grad-school-what-is-it-really-like/	Statistics grad school - what is it really like? | Data Science Los Angeles	Aug 6, 2014 - As a PhD graduate student in statistics here at UCLA, I'd like to talk a bit about our graduate program to give you an idea of what to expect if you're interested in UCLA or statistics graduate school in general. First, it's important to note that UCLA does not have a specific “data science” degree program at this ...	2	0	0	168
result	146	statistics vs data science	organic	https://www.wired.com/insights/2014/06/tell-kids-data-scientists-doctors/	Tell Your Kids to Be Data Scientists, Not Doctors | WIRED	But salary is not the only reason I would recommend encouraging your children to pursue statistics and coding over going to medical school. How Data Scientists Are Supplementing Doctors. There are big changes happening in healthcare right now, and the implementation of EHR (electronic health records) in particular is ...	2	0	0	168
result	147	statistics vs data science	organic	http://www.mccormick.northwestern.edu/analytics/	Master of Science in Analytics | Northwestern Engineering	Learn more about the Master of Science in Analytics at Northwestern University. ... MSiA is Recognized as a Top Six Data Science Program ... professors and lecturers from major corporations, we combine mathematical and statistical studies with instruction in advanced information technology and data management.	2	0	0	168
result	148	statistics vs data science	organic	https://rapidminer.com/	RapidMiner: Data Science Platform	RapidMiner is a software platform for data science teams that unites data prep, machine learning, and predictive model deployment.	2	0	0	168
result	149	statistics vs data science	organic	http://fivethirtyeight.com/	FiveThirtyEight | Nate Silver's FiveThirtyEight uses statistical analysis ...	Nate Silver's FiveThirtyEight uses statistical analysis — hard numbers — to tell compelling stories about elections, politics, sports, science, economics and lifestyle.	2	0	0	168
result	150	statistics vs data science	organic	https://sph.unc.edu/bios/biostatistics/	Department of Biostatistics - Biostatistics || UNC Gillings School of ...	UNC Gillings biostatisticians apply data science to solve problems in human health through designing research studies, organizing and integrating data, analyzing data, and collaborating ... Members of our faculty are interested both in development of statistical methodology and application of statistics in applied research.	2	0	0	168
result	151	statistics vs data science	organic	https://indianapublicmedia.org/amomentofscience/risk-assessment/	How To Judge Statistical Risks | A Moment of Science - Indiana Public ...	1 day ago - We explain some of the ways you can better assess statistical risks. ... offer some suggestions about judging statistics: We can be critical about data. ... nothing will go wrong. We can compare the new to the old, the unfamiliar to the familiar: flying versus driving, a nuclear accident versus a dam collapse.	2	0	0	168
result	152	statistics vs data science	organic	https://www.stat.fi/til/pal_en.html	Statistics Finland - Wages, Salaries and Labour Costs - Tilastokeskus	The scope of this topic extends to statistics on the levels of earnings and numbers of wage and salary earners, as well as labour costs and their structure, including the Survey of Wage and Salary Structures, Index of Wage and Salary Earnings and ... Industries of enterprises have been revised in the data released in January	2	0	0	168
result	153	statistics vs data science	organic	http://www.wolfram.com/	Wolfram: Computation Meets Knowledge	Wolfram, creators of the Wolfram Language, Wolfram|Alpha, Mathematica, Development Platform, Data Science Platform, Finance Platform, SystemModeler...	2	0	0	168
result	154	statistics vs data science	organic	http://skyline-affairs.com/site/lxv9z.php?kyot=computer-science-vs-programming-reddit	computer science vs programming reddit - Skyline Affairs	Computer Science. What do they mean? In what situations do we use them? Along with the roles of Data Analyst and BI Developer. In what situations do we ... By 2020, there will be 1.4 million computer science jobs available in the US according to the Bureau of Labor Statistics, and we need to play catch-up to fill them all.	2	0	0	168
result	155	statistics vs data science	organic	http://musicalive.ust.hk/0wd3/6x45y.php?zrh=uc-davis-vet-school-admissions-statistics	Uc davis vet school admissions statistics - HKUST Music Alive!	Other national statistics are For UC Davis, a Compare Medical Schools: UC Davis (Med School) vs UCSF Admissions Statistics . .... Admission 176 Offered 4/20/2016 UC Davis School of Veterinary Medicine Admission Statistics Data for 2015 Average Science GPA Average GRE Quantitative Score Undergraduate Majors for ...	2	0	0	168
result	156	statistics vs data science	organic	http://www.nielsen.com/us/en.html	Nielsen: What People Watch, Listen To and Buy	Whether you want to grow your business or redefine your industry, you need to know what's next. That's why we're focused on your future—if it matters to you, we measure it. And with data backed by real science, you won't just know what's next—you'll get there first. Learn more about us ...	2	0	0	168
result	157	statistics vs data science	organic	http://harzatapes.com/4bt5/nufqg.php?zrh=numpy-vs-python	Numpy vs python - Harza Tapes	Learn to calculate basic statistics with Python, NumPy and Jupyter Notebook. What do ... Data Science: Performance of Pure Python vs Pandas vs Numpy Notebook. ... Categories: Science and Data Analysis. , numpy, This in-depth comparison of python. We instead use array indexing. Numpy Array vs. 1 maxint: NumPy is a ...	2	0	0	168
result	158	statistics vs data science	organic	https://www.findamasters.com/masters-degrees/united-kingdom/medical-statistics/?74gmYsO420&PP=10&Sort=P	Masters Degrees in Medical Statistics, Autumn, United Kingdom	Search Postgraduate Masters Degrees in Medical Statistics in United Kingdom. Courses ... Medical statistics is a fundamental scientific component of health research. Medical .... This is a part-time, modular based programme for health professionals who wish to strengthen their statistical skills and ability to analyse data.	2	0	0	168
result	159	statistics vs data science	organic	https://www.westat.com/	Westat.com: Homepage	Improving Lives Through Research®. Westat is one of the foremost professional service corporations of its kind—the gold standard of social science research, statistical analysis, and evidence-based communications. Data Collection & Management · Clinical Trials. Statistical Research & Survey Methods · Evaluation.	2	0	0	168
result	160	statistics vs data science	organic	http://www.kelm-makeupstudio.com/ra4b/azm0z.php?zrh=dataiku-vs-alteryx	Dataiku vs alteryx - Joanna Kelm Make-up	Dataiku vs alteryx. Foto Cewek Pakistan HOT Personally I'm a big fan of Dataiku's Data Science Studio, that, from what I read in your description, has a similar .... IBM SPSS Statistics (2). reference customers stated that they would like Angoss to provide more intuitive data preparation capabilities, along with an updated UI.	2	0	0	168
result	161	statistics vs data science	organic	http://robinsontransportutah.com/wp-content/plugins/apikey/uuve/tvvux.php?zrh=columbia-graduate-admissions-statistics	Columbia graduate admissions statistics - Robinson Transport	Visiting Student Program at Columbia Engineering; Admissions Statistics; download the Class of 2019 Profile as a PDF. .... Applications for admission with financial aid Data Science @ Columbia the Fu Foundation School of Engineering and Applied Science and the Graduate School of Arts and statistics, machine Is anyone ...	2	0	0	168
result	162	statistics vs data science	organic	http://bakonyikalandorok.info/forum/enpeuzo.php?zeld=computer-science-vs-programming-reddit	computer science vs programming reddit	By 2020, there will be 1.4 million computer science jobs available in the US according to the Bureau of Labor Statistics, and we need to play catch-up to fill them all. ... gloves are off in the fight between Microsoft's latest Surface Pro and the new iPad Pros, In this article, we discuss the role of Data Scientist vs Data Engineer.	2	0	0	168
result	163	statistics vs data science	organic	http://www.sechehaye.com/hmp5/ykzea.php?zrh=sql-for-data-science-pdf	Sql for data science pdf - Peter Sechehaye PR	Operators, Tables: Intelligence Vs Data science, Drivers of Big data analytics, Role of data scientist in Big data ecosystem Hypes or not, Big Data, NoSQL, Analytics, Business Intelligence, Data Science require processing huge amounts of data in various and complex ways using a vast array of statistical methods and tools.	2	0	0	168
result	164	statistics vs data science	organic	http://www.mitcc.com/erpn/wu3xl.php?zrh=statistical-inference-book	Statistical inference book	This book is written as a companion book to the Statistical Inference Coursera class as part of the Data Science Specialization. .... ﬂavors of inference (inferential paradigms): Bayesian vs Frequencist Elementary Statistics and Inference 1 22S:025 or 7P:025 Lecture 1 Elementary Statistics and exams are open book – e.	2	0	0	168
result	165	statistics vs data science	organic	http://www.kdostrov.cz/ebcg/s8wbm.php?zrh=types-of-data-in-statistics-pdf	Types of data in statistics pdf - KD Ostrov	The discussion is at a statistically simple level; other more sophisticated statistical approaches are outlined in our guide Modern Methods of Analysis. Retrospective vs Prospective Studies 3. (. Data and Statistics information from the Centers for Disease Control and Prevention. Inferential statistics is the science of describing ...	2	0	0	168
result	166	statistics vs data science	organic	http://www.bscpartners.net/bu44/vamc4.php?zrh=baseball-analytics-python	Baseball analytics python - BSC partners	Author's Note: The following exploratory data analysis project was completed as part of the Udacity Data Analyst Nanodegree that I finished in May 2017. This Database contains complete batting and pitching statistics from 1871 to 2013, plus The Python programming language is a great option for data science and ...	2	0	0	168
result	167	statistics vs data science	organic	http://www.ymcaofcumberland.com/cn92/5pknb.php?zrh=python-vs-r-vs-excel	Python vs r vs excel - YMCA of Cumberland	26 Oct 2017 With an increase in demand for developers with statistical and data science backgrounds, learning R or Python is a great step to build your career. Export. SAS. R vs Python for data analysis Everything I am doing uses either R or Python and I am looking for suggestions on whether or not I should concentrate on ...	2	0	0	168
result	168	statistics vs data science	organic	http://viviou.be/ldim/i9yhu.php?zrh=stat-516-umass	Stat 516 umass - Viviou	I come from Dartmouth, STAT 516 - Statistics II; The Informatics / Data Science track is designed to teach students about Links to common UMass Amherst services and STATS 516: Statistics II Get a summary of the UMass Minutemen vs. This report is prepared in List of Courses for Statistics at University of Massachusetts ...	2	0	0	168
